,PageRank_Mode_1,PageRank_Mode_2
1,0.8806207661587101,0.0880620907810497
2,0.8204870212376433,0.08204871473522006
3,0.6064629998541922,0.060646308338575275
4,0.6311115480329079,0.06311116391795207
5,0.48537923868720473,0.04853793029765095
6,0.5211303239956173,0.05211303920662062
7,0.994631218359008,0.09946313755008722
8,0.8211770418513491,0.08211771712704778
9,0.559519340992316,0.05595194168550095
10,0.7264088094339919,0.07264089178291125
