,PageRank_Mode_1,PageRank_Mode_2
1,1.1633691368981203,0.3877897482322486
2,0.6444318831817011,0.21481064573850983
3,1.1921989799201786,0.3973996973560474
